name,address
FUN_ram_00000120,ram:00000120
FUN_ram_00000270,ram:00000270
FUN_ram_00000708,ram:00000708
FUN_ram_00000830,ram:00000830
FUN_ram_000009d8,ram:000009d8
FUN_ram_00000ac0,ram:00000ac0
FUN_ram_00000ac8,ram:00000ac8
FUN_ram_00000b88,ram:00000b88
FUN_ram_00001038,ram:00001038
FUN_ram_000014d0,ram:000014d0
FUN_ram_000015c8,ram:000015c8
FUN_ram_000015d0,ram:000015d0
FUN_ram_00001880,ram:00001880
FUN_ram_00001980,ram:00001980
FUN_ram_00001988,ram:00001988
FUN_ram_00002e98,ram:00002e98
FUN_ram_00002f98,ram:00002f98
FUN_ram_00002fa0,ram:00002fa0
FUN_ram_00003458,ram:00003458
FUN_ram_00003908,ram:00003908
FUN_ram_00003dd8,ram:00003dd8
FUN_ram_00004270,ram:00004270
FUN_ram_00004810,ram:00004810
FUN_ram_00004888,ram:00004888
FUN_ram_00004930,ram:00004930
FUN_ram_00004a48,ram:00004a48
FUN_ram_000053d8,ram:000053d8
FUN_ram_00005520,ram:00005520
FUN_ram_00005648,ram:00005648
FUN_ram_00005938,ram:00005938
FUN_ram_00005bd0,ram:00005bd0
FUN_ram_00005df0,ram:00005df0
FUN_ram_00005ff8,ram:00005ff8
FUN_ram_000061e0,ram:000061e0
FUN_ram_00006240,ram:00006240
FUN_ram_00006308,ram:00006308
FUN_ram_00006380,ram:00006380
FUN_ram_00006448,ram:00006448
FUN_ram_000064c0,ram:000064c0
FUN_ram_00006990,ram:00006990
FUN_ram_00006e30,ram:00006e30
FUN_ram_00006f90,ram:00006f90
FUN_ram_00006fa8,ram:00006fa8
FUN_ram_000072c8,ram:000072c8
FUN_ram_00007898,ram:00007898
FUN_ram_000078e0,ram:000078e0
FUN_ram_000078e8,ram:000078e8
FUN_ram_00007e58,ram:00007e58
FUN_ram_00007f08,ram:00007f08
FUN_ram_00007fc8,ram:00007fc8
FUN_ram_00008088,ram:00008088
FUN_ram_00008148,ram:00008148
FUN_ram_00008208,ram:00008208
FUN_ram_000084b8,ram:000084b8
FUN_ram_00008730,ram:00008730
FUN_ram_0000a470,ram:0000a470
FUN_ram_0000a5f0,ram:0000a5f0
FUN_ram_0000f900,ram:0000f900
FUN_ram_0000f950,ram:0000f950
FUN_ram_0000f958,ram:0000f958
FUN_ram_0000ff00,ram:0000ff00
FUN_ram_0000ff50,ram:0000ff50
FUN_ram_0000ff58,ram:0000ff58
FUN_ram_00010500,ram:00010500
FUN_ram_00010550,ram:00010550
FUN_ram_00010558,ram:00010558
FUN_ram_00010b00,ram:00010b00
FUN_ram_00010b90,ram:00010b90
FUN_ram_00010c08,ram:00010c08
FUN_ram_00010f10,ram:00010f10
FUN_ram_00012258,ram:00012258
FUN_ram_00012418,ram:00012418
FUN_ram_000137d0,ram:000137d0
FUN_ram_00013840,ram:00013840
FUN_ram_00013dd8,ram:00013dd8
FUN_ram_00013e10,ram:00013e10
FUN_ram_00014210,ram:00014210
FUN_ram_00014218,ram:00014218
FUN_ram_00014258,ram:00014258
FUN_ram_00014cf8,ram:00014cf8
FUN_ram_00014d58,ram:00014d58
FUN_ram_00014d60,ram:00014d60
FUN_ram_00014d90,ram:00014d90
FUN_ram_00014e60,ram:00014e60
FUN_ram_00015038,ram:00015038
FUN_ram_00015040,ram:00015040
FUN_ram_00015758,ram:00015758
FUN_ram_00015760,ram:00015760
FUN_ram_00015778,ram:00015778
FUN_ram_00015788,ram:00015788
FUN_ram_000157a8,ram:000157a8
FUN_ram_00015808,ram:00015808
FUN_ram_00015838,ram:00015838
FUN_ram_000158b8,ram:000158b8
FUN_ram_00015998,ram:00015998
FUN_ram_000159d0,ram:000159d0
FUN_ram_00015b80,ram:00015b80
FUN_ram_00015d40,ram:00015d40
FUN_ram_00015dd8,ram:00015dd8
FUN_ram_00015de0,ram:00015de0
FUN_ram_00015e08,ram:00015e08
FUN_ram_00015e58,ram:00015e58
FUN_ram_00015e80,ram:00015e80
FUN_ram_00015f10,ram:00015f10
FUN_ram_00015fb0,ram:00015fb0
FUN_ram_00016140,ram:00016140
FUN_ram_00016360,ram:00016360
FUN_ram_00016388,ram:00016388
FUN_ram_00016390,ram:00016390
FUN_ram_000163d0,ram:000163d0
FUN_ram_00016910,ram:00016910
FUN_ram_00016950,ram:00016950
FUN_ram_00016c58,ram:00016c58
FUN_ram_00016c98,ram:00016c98
FUN_ram_000171a0,ram:000171a0
FUN_ram_000171e0,ram:000171e0
FUN_ram_000176e8,ram:000176e8
FUN_ram_00017728,ram:00017728
FUN_ram_00017948,ram:00017948
FUN_ram_00017950,ram:00017950
FUN_ram_00017bf0,ram:00017bf0
FUN_ram_00017c30,ram:00017c30
FUN_ram_00017ff0,ram:00017ff0
FUN_ram_00017ff8,ram:00017ff8
FUN_ram_000182f0,ram:000182f0
FUN_ram_00018328,ram:00018328
FUN_ram_00018840,ram:00018840
FUN_ram_00018880,ram:00018880
FUN_ram_00018b68,ram:00018b68
FUN_ram_00018ba8,ram:00018ba8
FUN_ram_00018ff8,ram:00018ff8
FUN_ram_00019038,ram:00019038
FUN_ram_00019478,ram:00019478
FUN_ram_000194b8,ram:000194b8
FUN_ram_00019910,ram:00019910
FUN_ram_00019950,ram:00019950
FUN_ram_00019e10,ram:00019e10
FUN_ram_00019e50,ram:00019e50
FUN_ram_0001a310,ram:0001a310
FUN_ram_0001a350,ram:0001a350
FUN_ram_0001a788,ram:0001a788
FUN_ram_0001a7c8,ram:0001a7c8
FUN_ram_0001ac88,ram:0001ac88
FUN_ram_0001acc8,ram:0001acc8
FUN_ram_0001b120,ram:0001b120
FUN_ram_0001b160,ram:0001b160
FUN_ram_0001b5d0,ram:0001b5d0
FUN_ram_0001b610,ram:0001b610
FUN_ram_0001ba18,ram:0001ba18
FUN_ram_0001ba58,ram:0001ba58
FUN_ram_0001beb0,ram:0001beb0
FUN_ram_0001bef0,ram:0001bef0
FUN_ram_0001c2f8,ram:0001c2f8
FUN_ram_0001c338,ram:0001c338
FUN_ram_0001c740,ram:0001c740
FUN_ram_0001c780,ram:0001c780
FUN_ram_0001cb88,ram:0001cb88
FUN_ram_0001cbf0,ram:0001cbf0
FUN_ram_0001cbf8,ram:0001cbf8
FUN_ram_0001cf50,ram:0001cf50
FUN_ram_0001d1c0,ram:0001d1c0
FUN_ram_0001d6a8,ram:0001d6a8
FUN_ram_0001d850,ram:0001d850
FUN_ram_0001e910,ram:0001e910
FUN_ram_0001e978,ram:0001e978
FUN_ram_0001e980,ram:0001e980
FUN_ram_0001ec30,ram:0001ec30
FUN_ram_0001ec88,ram:0001ec88
FUN_ram_0001f238,ram:0001f238
FUN_ram_000212a0,ram:000212a0
FUN_ram_00022218,ram:00022218
FUN_ram_000222a8,ram:000222a8
FUN_ram_00022498,ram:00022498
FUN_ram_00022770,ram:00022770
FUN_ram_000227d0,ram:000227d0
FUN_ram_000228c8,ram:000228c8
FUN_ram_000229f8,ram:000229f8
FUN_ram_00022a58,ram:00022a58
FUN_ram_00022b98,ram:00022b98
FUN_ram_000232a8,ram:000232a8
FUN_ram_000235f0,ram:000235f0
FUN_ram_00023660,ram:00023660
FUN_ram_000236f8,ram:000236f8
FUN_ram_00023760,ram:00023760
FUN_ram_000237f8,ram:000237f8
FUN_ram_00023890,ram:00023890
FUN_ram_000238f8,ram:000238f8
FUN_ram_00023960,ram:00023960
FUN_ram_000239f8,ram:000239f8
FUN_ram_00023a60,ram:00023a60
FUN_ram_00023af8,ram:00023af8
FUN_ram_00023b60,ram:00023b60
FUN_ram_00023bf8,ram:00023bf8
FUN_ram_00023c60,ram:00023c60
FUN_ram_00023c98,ram:00023c98
FUN_ram_00023d30,ram:00023d30
FUN_ram_00023d98,ram:00023d98
FUN_ram_00023e10,ram:00023e10
FUN_ram_00023e48,ram:00023e48
FUN_ram_00023ea0,ram:00023ea0
FUN_ram_00023ef8,ram:00023ef8
FUN_ram_00023f50,ram:00023f50
FUN_ram_00023fa8,ram:00023fa8
FUN_ram_00023fe0,ram:00023fe0
FUN_ram_00024018,ram:00024018
FUN_ram_00024050,ram:00024050
FUN_ram_000244e0,ram:000244e0
FUN_ram_000244e8,ram:000244e8
FUN_ram_00024558,ram:00024558
FUN_ram_00024560,ram:00024560
FUN_ram_00024810,ram:00024810
FUN_ram_00024868,ram:00024868
FUN_ram_000248f0,ram:000248f0
FUN_ram_000258f8,ram:000258f8
FUN_ram_00025a50,ram:00025a50
FUN_ram_00025ac8,ram:00025ac8
FUN_ram_00025ad0,ram:00025ad0
FUN_ram_00025d80,ram:00025d80
FUN_ram_00025dd8,ram:00025dd8
FUN_ram_00025e60,ram:00025e60
FUN_ram_00026530,ram:00026530
FUN_ram_00026c60,ram:00026c60
FUN_ram_00026cc0,ram:00026cc0
FUN_ram_00026cc8,ram:00026cc8
FUN_ram_00027278,ram:00027278
FUN_ram_000272e0,ram:000272e0
FUN_ram_000272e8,ram:000272e8
FUN_ram_00027608,ram:00027608
FUN_ram_00027878,ram:00027878
FUN_ram_00027978,ram:00027978
FUN_ram_000279e0,ram:000279e0
FUN_ram_000279e8,ram:000279e8
FUN_ram_00027d90,ram:00027d90
FUN_ram_00027df8,ram:00027df8
FUN_ram_00028228,ram:00028228
FUN_ram_00028340,ram:00028340
FUN_ram_000283b8,ram:000283b8
FUN_ram_000283c0,ram:000283c0
FUN_ram_00028768,ram:00028768
FUN_ram_000287d0,ram:000287d0
FUN_ram_00028c00,ram:00028c00
FUN_ram_00028d28,ram:00028d28
FUN_ram_00028da0,ram:00028da0
FUN_ram_00028da8,ram:00028da8
FUN_ram_00029150,ram:00029150
FUN_ram_000291b8,ram:000291b8
FUN_ram_000295e8,ram:000295e8
FUN_ram_00029710,ram:00029710
FUN_ram_00029778,ram:00029778
FUN_ram_00029780,ram:00029780
FUN_ram_00029b70,ram:00029b70
FUN_ram_00029bd8,ram:00029bd8
FUN_ram_0002a008,ram:0002a008
FUN_ram_0002a188,ram:0002a188
FUN_ram_0002a1f0,ram:0002a1f0
FUN_ram_0002a1f8,ram:0002a1f8
FUN_ram_0002a5f0,ram:0002a5f0
FUN_ram_0002a658,ram:0002a658
FUN_ram_0002aa88,ram:0002aa88
FUN_ram_0002aef0,ram:0002aef0
FUN_ram_0002af60,ram:0002af60
FUN_ram_0002af68,ram:0002af68
FUN_ram_0002b288,ram:0002b288
FUN_ram_0002b4f8,ram:0002b4f8
FUN_ram_0002b900,ram:0002b900
FUN_ram_0002b968,ram:0002b968
FUN_ram_0002b970,ram:0002b970
FUN_ram_0002bd60,ram:0002bd60
FUN_ram_0002bdc8,ram:0002bdc8
FUN_ram_0002c1f8,ram:0002c1f8
FUN_ram_0002c378,ram:0002c378
FUN_ram_0002c3f0,ram:0002c3f0
FUN_ram_0002c3f8,ram:0002c3f8
FUN_ram_0002c718,ram:0002c718
FUN_ram_0002c988,ram:0002c988
FUN_ram_0002cf90,ram:0002cf90
FUN_ram_0002cff8,ram:0002cff8
FUN_ram_0002d000,ram:0002d000
FUN_ram_0002d350,ram:0002d350
FUN_ram_0002d5c0,ram:0002d5c0
FUN_ram_0002da88,ram:0002da88
FUN_ram_0002daf0,ram:0002daf0
FUN_ram_0002daf8,ram:0002daf8
FUN_ram_0002de18,ram:0002de18
FUN_ram_0002e088,ram:0002e088
FUN_ram_0002e188,ram:0002e188
FUN_ram_0002e200,ram:0002e200
FUN_ram_0002e208,ram:0002e208
FUN_ram_0002e528,ram:0002e528
FUN_ram_0002e798,ram:0002e798
FUN_ram_0002e8c0,ram:0002e8c0
FUN_ram_0002e928,ram:0002e928
FUN_ram_0002e930,ram:0002e930
FUN_ram_0002ec50,ram:0002ec50
FUN_ram_0002eec0,ram:0002eec0
FUN_ram_0002efc0,ram:0002efc0
FUN_ram_0002f028,ram:0002f028
FUN_ram_0002f030,ram:0002f030
FUN_ram_0002f350,ram:0002f350
FUN_ram_0002f5c0,ram:0002f5c0
FUN_ram_0002f6c0,ram:0002f6c0
FUN_ram_0002f728,ram:0002f728
FUN_ram_0002f730,ram:0002f730
FUN_ram_0002fb60,ram:0002fb60
FUN_ram_0002fbc8,ram:0002fbc8
FUN_ram_0002fc30,ram:0002fc30
FUN_ram_00030220,ram:00030220
entrypoint,ram:00030320
FUN_ram_000304d8,ram:000304d8
FUN_ram_000305a8,ram:000305a8
FUN_ram_000305b0,ram:000305b0
FUN_ram_000306b8,ram:000306b8
custom_panic,ram:000307a8
process_swap_accounts,ram:00030880
FUN_ram_00030940,ram:00030940
FUN_ram_00030948,ram:00030948
FUN_ram_00030af8,ram:00030af8
FUN_ram_00030b40,ram:00030b40
FUN_ram_00031dd0,ram:00031dd0
FUN_ram_00031e60,ram:00031e60
FUN_ram_00032230,ram:00032230
FUN_ram_000339b8,ram:000339b8
FUN_ram_00033db0,ram:00033db0
FUN_ram_00033e50,ram:00033e50
FUN_ram_00033e58,ram:00033e58
FUN_ram_00033ff8,ram:00033ff8
FUN_ram_00034388,ram:00034388
FUN_ram_00034ac0,ram:00034ac0
FUN_ram_00036de0,ram:00036de0
FUN_ram_00037278,ram:00037278
FUN_ram_00037370,ram:00037370
FUN_ram_000374b8,ram:000374b8
FUN_ram_000374c0,ram:000374c0
FUN_ram_00037778,ram:00037778
FUN_ram_00039340,ram:00039340
FUN_ram_000397d8,ram:000397d8
FUN_ram_000398d0,ram:000398d0
FUN_ram_00039a18,ram:00039a18
FUN_ram_00039a20,ram:00039a20
FUN_ram_00039cd8,ram:00039cd8
FUN_ram_0003b898,ram:0003b898
FUN_ram_0003bd30,ram:0003bd30
FUN_ram_0003be20,ram:0003be20
FUN_ram_0003bf50,ram:0003bf50
FUN_ram_0003bf58,ram:0003bf58
FUN_ram_0003c230,ram:0003c230
FUN_ram_0003c6b0,ram:0003c6b0
FUN_ram_0003c710,ram:0003c710
FUN_ram_0003c718,ram:0003c718
FUN_ram_0003c988,ram:0003c988
FUN_ram_0003ca78,ram:0003ca78
FUN_ram_0003cbc0,ram:0003cbc0
FUN_ram_0003cbc8,ram:0003cbc8
FUN_ram_0003d428,ram:0003d428
FUN_ram_0003d518,ram:0003d518
FUN_ram_0003d648,ram:0003d648
FUN_ram_0003d650,ram:0003d650
FUN_ram_0003d978,ram:0003d978
FUN_ram_0003da60,ram:0003da60
FUN_ram_0003e470,ram:0003e470
FUN_ram_0003e650,ram:0003e650
FUN_ram_0003e7b0,ram:0003e7b0
FUN_ram_00040bf0,ram:00040bf0
FUN_ram_00041f18,ram:00041f18
FUN_ram_00041ff0,ram:00041ff0
FUN_ram_00042220,ram:00042220
FUN_ram_00042390,ram:00042390
FUN_ram_000424f8,ram:000424f8
FUN_ram_00042660,ram:00042660
FUN_ram_000429c0,ram:000429c0
FUN_ram_00042a80,ram:00042a80
FUN_ram_00042b30,ram:00042b30
FUN_ram_00042d10,ram:00042d10
FUN_ram_00042e58,ram:00042e58
FUN_ram_000430d0,ram:000430d0
FUN_ram_00043218,ram:00043218
FUN_ram_000435c0,ram:000435c0
FUN_ram_000438d0,ram:000438d0
FUN_ram_000447e0,ram:000447e0
FUN_ram_00044928,ram:00044928
FUN_ram_00044a08,ram:00044a08
FUN_ram_00045218,ram:00045218
FUN_ram_00045368,ram:00045368
FUN_ram_00045370,ram:00045370
FUN_ram_00045c60,ram:00045c60
FUN_ram_00045cb0,ram:00045cb0
FUN_ram_00045cb8,ram:00045cb8
FUN_ram_00045f30,ram:00045f30
FUN_ram_00046778,ram:00046778
FUN_ram_00046948,ram:00046948
FUN_ram_000469e8,ram:000469e8
FUN_ram_000472a0,ram:000472a0
FUN_ram_00047968,ram:00047968
FUN_ram_00047ee0,ram:00047ee0
FUN_ram_00047f98,ram:00047f98
FUN_ram_00047fa0,ram:00047fa0
FUN_ram_00048ff8,ram:00048ff8
FUN_ram_000493c0,ram:000493c0
FUN_ram_000495b0,ram:000495b0
FUN_ram_00049710,ram:00049710
FUN_ram_0004a130,ram:0004a130
FUN_ram_0004a138,ram:0004a138
FUN_ram_0004a170,ram:0004a170
FUN_ram_0004a1c0,ram:0004a1c0
FUN_ram_0004a290,ram:0004a290
FUN_ram_0004a298,ram:0004a298
FUN_ram_0004a2e0,ram:0004a2e0
parse_pyth_header,ram:0004a2f0
FUN_ram_000500b8,ram:000500b8
FUN_ram_00050320,ram:00050320
FUN_ram_00050488,ram:00050488
FUN_ram_00050c60,ram:00050c60
FUN_ram_00051c10,ram:00051c10
FUN_ram_00051f90,ram:00051f90
FUN_ram_00052308,ram:00052308
FUN_ram_00052470,ram:00052470
FUN_ram_000525e8,ram:000525e8
FUN_ram_00052600,ram:00052600
FUN_ram_00052608,ram:00052608
FUN_ram_00052768,ram:00052768
FUN_ram_00052780,ram:00052780
FUN_ram_00052788,ram:00052788
FUN_ram_000527d8,ram:000527d8
FUN_ram_00052ea8,ram:00052ea8
FUN_ram_00053010,ram:00053010
FUN_ram_00053098,ram:00053098
FUN_ram_00053550,ram:00053550
FUN_ram_000536b8,ram:000536b8
FUN_ram_00053740,ram:00053740
FUN_ram_000542a0,ram:000542a0
FUN_ram_000542d0,ram:000542d0
FUN_ram_00054660,ram:00054660
FUN_ram_00054690,ram:00054690
FUN_ram_000553d0,ram:000553d0
FUN_ram_00055410,ram:00055410
FUN_ram_000554a8,ram:000554a8
FUN_ram_00055690,ram:00055690
FUN_ram_00055830,ram:00055830
FUN_ram_00055ee0,ram:00055ee0
FUN_ram_00055f10,ram:00055f10
FUN_ram_00055f50,ram:00055f50
FUN_ram_00056740,ram:00056740
FUN_ram_000569b8,ram:000569b8
FUN_ram_00056a38,ram:00056a38
FUN_ram_00056ad0,ram:00056ad0
FUN_ram_00056b10,ram:00056b10
FUN_ram_00056bb0,ram:00056bb0
FUN_ram_00056d10,ram:00056d10
FUN_ram_00056f80,ram:00056f80
FUN_ram_00056fa0,ram:00056fa0
FUN_ram_00056fa8,ram:00056fa8
FUN_ram_00057028,ram:00057028
FUN_ram_00057078,ram:00057078
FUN_ram_000570c0,ram:000570c0
FUN_ram_00057108,ram:00057108
FUN_ram_00057188,ram:00057188
FUN_ram_000571c8,ram:000571c8
FUN_ram_000573e8,ram:000573e8
FUN_ram_00057bf0,ram:00057bf0
FUN_ram_00058328,ram:00058328
FUN_ram_00058580,ram:00058580
FUN_ram_000586e0,ram:000586e0
FUN_ram_000588b8,ram:000588b8
FUN_ram_0005a3b8,ram:0005a3b8
FUN_ram_0005a500,ram:0005a500
FUN_ram_0005a5a0,ram:0005a5a0
FUN_ram_0005a648,ram:0005a648
FUN_ram_0005b4f0,ram:0005b4f0
FUN_ram_0005b868,ram:0005b868
FUN_ram_0005bac8,ram:0005bac8
FUN_ram_0005bb00,ram:0005bb00
FUN_ram_0005bb28,ram:0005bb28
FUN_ram_0005bb50,ram:0005bb50
FUN_ram_0005bb80,ram:0005bb80
FUN_ram_0005bba8,ram:0005bba8
FUN_ram_0005be10,ram:0005be10
FUN_ram_0005bf58,ram:0005bf58
FUN_ram_0005c0d8,ram:0005c0d8
FUN_ram_0005c0f0,ram:0005c0f0
FUN_ram_0005c0f8,ram:0005c0f8
FUN_ram_0005c258,ram:0005c258
FUN_ram_0005c270,ram:0005c270
FUN_ram_0005c6e0,ram:0005c6e0
FUN_ram_0005c758,ram:0005c758
FUN_ram_0005c760,ram:0005c760
FUN_ram_0005c7b0,ram:0005c7b0
FUN_ram_0005c7b8,ram:0005c7b8
FUN_ram_0005c828,ram:0005c828
FUN_ram_0005c890,ram:0005c890
FUN_ram_0005c898,ram:0005c898
FUN_ram_0005c918,ram:0005c918
FUN_ram_0005c988,ram:0005c988
FUN_ram_0005cb28,ram:0005cb28
FUN_ram_0005cb38,ram:0005cb38
FUN_ram_0005cc38,ram:0005cc38
FUN_ram_0005ccb0,ram:0005ccb0
FUN_ram_0005ccf8,ram:0005ccf8
FUN_ram_0005cde0,ram:0005cde0
FUN_ram_0005ce80,ram:0005ce80
FUN_ram_0005ce88,ram:0005ce88
FUN_ram_0005d020,ram:0005d020
FUN_ram_0005d0c0,ram:0005d0c0
FUN_ram_0005d2c8,ram:0005d2c8
FUN_ram_0005d2e0,ram:0005d2e0
FUN_ram_0005d2e8,ram:0005d2e8
FUN_ram_0005d450,ram:0005d450
FUN_ram_0005ef48,ram:0005ef48
FUN_ram_0005ef68,ram:0005ef68
FUN_ram_0005ef78,ram:0005ef78
FUN_ram_0005ef80,ram:0005ef80
FUN_ram_0005f358,ram:0005f358
FUN_ram_0005f3e8,ram:0005f3e8
FUN_ram_0005f460,ram:0005f460
FUN_ram_0005f668,ram:0005f668
FUN_ram_0005f728,ram:0005f728
FUN_ram_0005f730,ram:0005f730
FUN_ram_0005fa78,ram:0005fa78
FUN_ram_0005fb80,ram:0005fb80
FUN_ram_0005fe10,ram:0005fe10
FUN_ram_0005fe78,ram:0005fe78
FUN_ram_000600f8,ram:000600f8
FUN_ram_00060108,ram:00060108
FUN_ram_00060238,ram:00060238
FUN_ram_000602b0,ram:000602b0
FUN_ram_00060330,ram:00060330
FUN_ram_000603b8,ram:000603b8
FUN_ram_00060418,ram:00060418
FUN_ram_000604c8,ram:000604c8
FUN_ram_000605e8,ram:000605e8
FUN_ram_000605f0,ram:000605f0
FUN_ram_00060600,ram:00060600
FUN_ram_00060660,ram:00060660
FUN_ram_00060978,ram:00060978
FUN_ram_00060998,ram:00060998
FUN_ram_000609a0,ram:000609a0
FUN_ram_000609f8,ram:000609f8
FUN_ram_00060b18,ram:00060b18
FUN_ram_000614e8,ram:000614e8
FUN_ram_00061530,ram:00061530
FUN_ram_000615b0,ram:000615b0
FUN_ram_00061600,ram:00061600
FUN_ram_00061678,ram:00061678
FUN_ram_000617f8,ram:000617f8
FUN_ram_00061870,ram:00061870
FUN_ram_000618a8,ram:000618a8
FUN_ram_00061a60,ram:00061a60
FUN_ram_00061f48,ram:00061f48
FUN_ram_00061f88,ram:00061f88
FUN_ram_00062020,ram:00062020
FUN_ram_00062100,ram:00062100
FUN_ram_000629f0,ram:000629f0
FUN_ram_00062a40,ram:00062a40
FUN_ram_00062f58,ram:00062f58
FUN_ram_00062f60,ram:00062f60
FUN_ram_00062f68,ram:00062f68
FUN_ram_00062f70,ram:00062f70
FUN_ram_000635d8,ram:000635d8
FUN_ram_000635e8,ram:000635e8
FUN_ram_000635f0,ram:000635f0
FUN_ram_000635f8,ram:000635f8
FUN_ram_00063600,ram:00063600
FUN_ram_00063608,ram:00063608
FUN_ram_00063610,ram:00063610
FUN_ram_00063638,ram:00063638
FUN_ram_00063640,ram:00063640
FUN_ram_00063648,ram:00063648
FUN_ram_000636e0,ram:000636e0
FUN_ram_00063840,ram:00063840
FUN_ram_00063858,ram:00063858
FUN_ram_00063860,ram:00063860
FUN_ram_000639b8,ram:000639b8
FUN_ram_000639d0,ram:000639d0
FUN_ram_000639d8,ram:000639d8
FUN_ram_00063b40,ram:00063b40
FUN_ram_00063bc0,ram:00063bc0
FUN_ram_00063bc8,ram:00063bc8
FUN_ram_00063be8,ram:00063be8
FUN_ram_00063c40,ram:00063c40
FUN_ram_00063d58,ram:00063d58
FUN_ram_00063da0,ram:00063da0
FUN_ram_00063eb8,ram:00063eb8
FUN_ram_00064188,ram:00064188
FUN_ram_000641c0,ram:000641c0
FUN_ram_00064208,ram:00064208
FUN_ram_000644c8,ram:000644c8
FUN_ram_00064568,ram:00064568
FUN_ram_00064570,ram:00064570
FUN_ram_00064610,ram:00064610
FUN_ram_00064f20,ram:00064f20
FUN_ram_00064fa0,ram:00064fa0
FUN_ram_00065050,ram:00065050
FUN_ram_00065058,ram:00065058
FUN_ram_00065378,ram:00065378
FUN_ram_000653e0,ram:000653e0
FUN_ram_000653e8,ram:000653e8
FUN_ram_00065470,ram:00065470
FUN_ram_00065478,ram:00065478
FUN_ram_00065548,ram:00065548
FUN_ram_00065550,ram:00065550
FUN_ram_00065640,ram:00065640
FUN_ram_00066878,ram:00066878
FUN_ram_00066950,ram:00066950
FUN_ram_00066958,ram:00066958
FUN_ram_00066db8,ram:00066db8
FUN_ram_000673e0,ram:000673e0
FUN_ram_000674a0,ram:000674a0
FUN_ram_00067a08,ram:00067a08
FUN_ram_00067a38,ram:00067a38
FUN_ram_00068128,ram:00068128
FUN_ram_00068ae0,ram:00068ae0
FUN_ram_00068d60,ram:00068d60
FUN_ram_00068e30,ram:00068e30
FUN_ram_00068e38,ram:00068e38
FUN_ram_00068f08,ram:00068f08
FUN_ram_00068f10,ram:00068f10
FUN_ram_00068fe0,ram:00068fe0
FUN_ram_00068fe8,ram:00068fe8
FUN_ram_00069638,ram:00069638
FUN_ram_0006a4e8,ram:0006a4e8
FUN_ram_0006a780,ram:0006a780
FUN_ram_0006a7b0,ram:0006a7b0
FUN_ram_0006a7e0,ram:0006a7e0
FUN_ram_0006a7e8,ram:0006a7e8
FUN_ram_0006ab98,ram:0006ab98
FUN_ram_0006ad00,ram:0006ad00
FUN_ram_0006ad08,ram:0006ad08
FUN_ram_0006ae70,ram:0006ae70
FUN_ram_0006ae78,ram:0006ae78
FUN_ram_0006afe8,ram:0006afe8
FUN_ram_0006b160,ram:0006b160
FUN_ram_0006b168,ram:0006b168
FUN_ram_0006b2c8,ram:0006b2c8
FUN_ram_0006b2d0,ram:0006b2d0
FUN_ram_0006b430,ram:0006b430
FUN_ram_0006b6c0,ram:0006b6c0
FUN_ram_0006b6c8,ram:0006b6c8
FUN_ram_0006b988,ram:0006b988
FUN_ram_0006ba48,ram:0006ba48
FUN_ram_0006bad0,ram:0006bad0
FUN_ram_0006bdc8,ram:0006bdc8
FUN_ram_0006bdf8,ram:0006bdf8
FUN_ram_0006be00,ram:0006be00
FUN_ram_0006bf00,ram:0006bf00
FUN_ram_0006bf10,ram:0006bf10
FUN_ram_0006c010,ram:0006c010
FUN_ram_0006c028,ram:0006c028
FUN_ram_0006c158,ram:0006c158
FUN_ram_0006c170,ram:0006c170
FUN_ram_0006c2a8,ram:0006c2a8
FUN_ram_0006ce80,ram:0006ce80
FUN_ram_0006ce90,ram:0006ce90
FUN_ram_0006d868,ram:0006d868
FUN_ram_0006daa8,ram:0006daa8
FUN_ram_00070160,ram:00070160
FUN_ram_000701a8,ram:000701a8
FUN_ram_00071608,ram:00071608
FUN_ram_00071a90,ram:00071a90
FUN_ram_00071b38,ram:00071b38
FUN_ram_00071b48,ram:00071b48
FUN_ram_00072340,ram:00072340
FUN_ram_000725a8,ram:000725a8
FUN_ram_000726b8,ram:000726b8
FUN_ram_000728b0,ram:000728b0
FUN_ram_00072960,ram:00072960
FUN_ram_00072d00,ram:00072d00
abort,ram:00082000
